{"cameraMode":{"drawMode":0,"name":"Shaded","section":"Shading Mode"},"sceneLighting":true,"audioPlay":false,"sceneViewState":{"showFog":true,"showMaterialUpdate":false,"showSkybox":true,"showFlares":true,"showImageEffects":true,"showParticleSystems":true},"in2DMode":false,"pivot":{"x":25.5284481048584,"y":-3.7989501953125,"z":-14.208202362060547},"rotation":{"x":0.5910800695419312,"y":-0.002419831231236458,"z":0.0017731530824676157,"w":0.8066118955612183},"size":114.65731048583985,"orthographic":false}